{"text": " Tell me about flash attention", "segments": [{"id": 0, "seek": 0, "start": 0.0, "end": 2.0, "text": " Tell me about flash attention", "tokens": [50364, 5115, 385, 466, 7319, 3202, 50464], "temperature": 0.0, "avg_logprob": -0.39243680238723755, "compression_ratio": 0.7837837837837838, "no_speech_prob": 0.02997877262532711}], "language": "en"}